sysid,topid,name,level,sublevel,subcount,subcountall,登录用户名,身份证号码,状态,用户类别,手机号码,账户创建时间,已完成赠与次数,已完成赠与总额,已完成受助次数,已完成受助总额,已支出善种子,剩余善种子,已支出善心币,剩余善心币,已支出善金币,剩余善金币,出局钱包已支出,出局钱包剩余,管理钱包已支出,管理钱包剩余,接单钱包已支出,接单钱包剩余,特困钱包已支出,特困钱包剩余,贫穷钱包已支出,贫穷钱包剩余,小康钱包已支出,小康钱包剩余,德善钱包已支出,德善钱包剩余,富人钱包已支出,富人钱包剩余,大德钱包已支出,大德钱包剩余,开户行,银行账号,地址
1,0,彭祥*,0,7,9,133,pengxt,430123456789012345,已激活,普通用户,13412345678,2016年10月19日,13,174000,12,209100,12,0,42,1,20,5470,87600,0,3200,490,0,0,0,0,13500,3500,108000,0,0,0,0,0,0,0,交通银行福建省宁德分行营业部,6227123456789012345,福建省宁德市蕉城区鹤峰路48号
2,1,宋*成,2,2,6,25,sfc991,430123456789012345,已激活,普通用户,13412345678,2016年10月19日,14,42000,14,57900,80,0,430,18,100,5140,27900,0,3600,240,0,0,0,0,30000,0,0,0,0,0,0,0,0,0,工行新疆乌鲁木齐市新华南路支行,6227123456789012345,新疆库尔勒市交通东8号12号楼1单元302
3,1,苏吉*,2,6,6,99,sjh618,430123456789012345,已激活,普通用户,13412345678,2016年10月19日,13,39000,12,47700,3,0,20,0,0,4720,23400,0,2400,1020,0,0,0,0,29100,0,0,0,0,0,0,0,0,0,中国工商银行,6227123456789012345,广州省广州市聚源街50号凯翔乐食堂
4,0,史*元,0,3,9,27,king1314szyuan,430123456789012345,未激活,普通用户,13412345678,2016年10月19日,,,,,,0,,0,,0,,0,,0,,0,,0,,0,,0,,0,,0,,0,NULL,6227123456789012345,NULL
5,0,姚元*,0,1,9,9,15066257904,430123456789012345,已激活,普通用户,13412345678,2016年10月19日,14,42000,13,51700,1,0,15,0,0,2840,27300,0,1000,440,0,0,0,0,28000,0,0,0,0,0,0,0,0,0,中国农业银行,6227123456789012345,山东省菏泽市
200006,1,艾*比,2,0,0,0,king1314mhmt8,430123456789012345,已激活,普通用户,13412345678,2016年10月19日,15,45000,14,54600,0,0,16,0,0,1500,27300,0,0,0,0,0,0,0,30900,0,0,0,0,0,0,0,0,0,农业银行,6227123456789012345,新疆托克逊县碧水云天小区17号楼二单元602房子
200007,1,刘敏*,2,0,0,0,lqs12345,430123456789012345,已激活,普通用户,13412345678,2016年10月19日,14,42000,13,50400,0,0,15,0,0,1400,23400,0,0,0,0,0,0,0,30600,0,0,0,0,0,0,0,0,0,中国银行,6227123456789012345,湖南省衡阳县井头镇孟山村独家组
200008,1,王*如,2,0,0,0,wangjunru888,430123456789012345,已激活,普通用户,13412345678,2016年10月19日,13,120000,12,113700,9,0,31,0,3500,2780,31200,0,4020,870,0,0,0,0,8400,0,111600,0,0,0,0,0,0,0,交通银行,6227123456789012345,河南省新乡市红旗渠小店镇北街村
200009,1,罗*茜,2,0,0,0,lx687230,430123456789012345,已激活,普通用户,13412345678,2016年10月19日,14,42000,13,56400,17,0,33,0,11630,450,27300,0,7500,3180,0,0,0,0,34200,0,0,0,0,0,0,0,0,0,建设银行（西安长安区支行）,6227123456789012345,西安市长安区韦曲西韦村长安新街120号
200010,1,杨婷*,2,0,0,0,bo5942,430123456789012345,已激活,普通用户,13412345678,2016年10月19日,9,108000,8,95400,0,0,13,0,0,1290,39900,0,0,90,0,0,0,0,19500,0,72000,0,0,0,0,0,0,0,农业银行,6227123456789012345,福建省莆田市仙游县榜头镇下明村
200011,1,钱程*,2,0,0,0,qc778899,430123456789012345,已激活,普通用户,13412345678,2016年10月19日,15,45000,14,54300,0,0,16,0,0,1500,27300,0,0,0,0,0,0,0,30600,0,0,0,0,0,0,0,0,0,中国工商银行辽宁省葫芦岛分行南票支行,6227123456789012345,辽宁省葫芦岛市男票区二委路39栋6号
200012,1,于*英,2,0,0,0,king1314yzy87,430123456789012345,已激活,普通用户,13412345678,2016年10月19日,14,42000,13,51000,2,0,17,0,0,2570,27300,0,600,570,0,0,0,0,27300,0,0,0,0,0,0,0,0,0,农业银行宽甸县满族自治县支行,6227123456789012345,辽宁省丹东市宽甸县龙盛花园对过
200013,2,李*梅,3,1,19,19,siaad123,430123456789012345,未激活,普通用户,13412345678,2016年10月19日,,,,,,0,,0,,0,,0,,0,,0,,0,,0,,0,,0,,0,,0,NULL,6227123456789012345,NULL
200014,2,张春*,3,0,0,0,13835897939,430123456789012345,已激活,普通用户,13412345678,2016年10月19日,14,42000,13,50400,0,0,14,0,0,1400,27300,0,0,0,0,0,0,0,26700,0,0,0,0,0,0,0,0,0,中国工商银行,6227123456789012345,山西省万荣县通化镇东卫一村后巷258号
200015,2,王*峰,3,0,0,0,wxf181818,430123456789012345,已激活,普通用户,13412345678,2016年10月19日,14,42000,14,54300,0,0,15,1,0,1400,27300,0,0,0,0,0,0,0,27000,0,0,0,0,0,0,0,0,0,中国工商银行巫山支行,6227123456789012345,重庆市巫山县高唐街道宁江路999号阳光水岸小区
200016,2,杨*荣,3,0,0,0,17799213136,430123456789012345,已激活,普通用户,13412345678,2016年10月19日,14,42000,13,56000,2,0,18,0,0,7430,30000,0,5900,130,0,0,0,0,30200,0,0,0,0,0,0,0,0,0,天山农商银行,6227123456789012345,乌鲁木齐市水磨沟区七道湾山水兰德15号楼402
200017,2,林娟*,3,0,0,0,13558092432,430123456789012345,已激活,普通用户,13412345678,2016年10月19日,14,42000,13,50400,0,0,17,0,0,1940,27300,0,500,40,0,0,0,0,27200,0,0,0,0,0,0,0,0,0,广西北海市工商银行四川路总行,6227123456789012345,北海市银海区银滩镇和平村委小镐蚝路村2号
200018,2,贺丽*,3,0,0,0,hlj8811,430123456789012345,已激活,B轮功德主,13412345678,2016年10月19日,11,87000,10,90600,151,81,787,20,0,33602,19500,0,28700,3602,0,0,0,0,20100,0,96200,0,0,0,0,0,0,0,中国农业银行,6227123456789012345,黑龙江省东宁市建行住宅楼四单元402
200019,3,杨春*,3,1,18,18,15198681708,430123456789012345,已激活,普通用户,13412345678,2016年10月19日,12,63000,11,42900,0,0,15,1,0,1300,23400,0,0,0,0,0,0,0,19500,0,36000,0,0,0,0,0,0,0,中国建设银行云南省西双版纳景洪市西路支行,6227123456789012345,云南西双版纳景洪市花半里8~3~101
200020,3,王睿*,3,5,18,75,005005917,430123456789012345,已激活,普通用户,13412345678,2016年10月19日,11,114000,11,142600,0,0,22,0,0,5360,24400,0,3400,560,0,0,0,0,8800,0,109400,0,0,0,0,0,0,0,农行,6227123456789012345,黑龙江省大庆市肇州县鑫悦城宾馆
200021,3,何瑶*,3,0,0,0,yao0603,430123456789012345,已激活,普通用户,13412345678,2016年10月19日,10,28000,10,36600,3,0,22,0,0,1811,13000,0,500,311,0,0,0,0,23600,0,0,0,0,0,0,0,0,0,中国农业银行渠县支付,6227123456789012345,四川省渠县涌兴镇中心卫生院
200022,3,李*燕,3,0,0,0,y15514791351,430123456789012345,已激活,普通用户,13412345678,2016年10月19日,15,45000,14,56600,12,0,63,3,5,5635,31200,0,3600,540,0,0,0,0,30300,0,0,0,0,0,0,0,0,0,中国工商银行,6227123456789012345,河南省温县温泉镇张圪垱居一号
200023,3,丁*赵,3,0,0,0,king1314dhz1,430123456789012345,已激活,普通用户,13412345678,2016年10月19日,15,45000,14,58300,5,0,18,0,0,6270,27300,0,4400,370,0,0,0,0,35300,0,0,0,0,0,0,0,0,0,中国工商银行山西省运城市人民北路支行,6227123456789012345,山西省临猗县孙吉镇蔡村三组
200024,3,张*毅,3,0,0,0,13996406387,430123456789012345,已激活,普通用户,13412345678,2016年10月19日,10,165000,10,198300,0,0,15,0,0,1500,180000,3900,0,0,0,0,0,0,18300,45,0,0,0,0,0,0,0,0,重庆市农村商业银行长寿支行,6227123456789012345,重庆市长寿区渡舟街道东海假日花园9栋15-8
200025,4,潘*盛,2,2,17,18,king1314pxs198,430123456789012345,已激活,普通用户,13412345678,2016年10月19日,15,45000,14,54300,0,0,16,1,0,1500,31200,0,0,0,0,0,0,0,26700,0,0,0,0,0,0,0,0,0,中国银行湖北黄冈东坡支行,6227123456789012345,湖北省罗田县春意楼1-3-401
200026,4,邱*云,2,0,0,0,txl15851610554,430123456789012345,已激活,普通用户,13412345678,2016年10月19日,15,45000,14,57400,11,0,105,5,600,4140,31200,0,3100,140,0,0,0,0,29800,0,0,0,0,0,0,0,0,0,工商银行张家港分行营业部,6227123456789012345,北京市顺义区马坡花园一区13号楼5门101室
200027,4,罗*全,2,0,0,0,luojiaoquan01,430123456789012345,未激活,普通用户,13412345678,2016年10月19日,,,,,,0,,0,,0,,0,,0,,0,,0,,0,,0,,0,,0,,0,NULL,6227123456789012345,NULL
200028,4,陈*玲,2,0,0,0,13062518872,430123456789012345,已激活,普通用户,13412345678,2016年10月19日,15,45000,14,55300,5,0,51,4,0,2760,27300,0,1000,260,0,0,0,0,31600,0,0,0,0,0,0,0,0,0,农业银行南京市光华路支行,6227123456789012345,江苏省南京市秦淮区三条营3号
200029,4,孙瑜*,2,0,0,0,群诺0513,430123456789012345,已激活,普通用户,13412345678,2016年10月19日,13,39000,12,46800,2,0,23,0,0,2020,23400,0,0,720,0,0,0,0,27000,0,0,0,0,0,0,0,0,0,招商银行济南分行,6227123456789012345,山东省济南市历下区解放东路36号姚家雁翔苑15号楼704
200030,4,宋克*,2,0,0,0,skq8102,430123456789012345,已激活,普通用户,13412345678,2016年10月19日,14,96000,13,96400,16,0,26,0,0,20110,28900,0,18300,210,0,0,0,0,23600,0,84600,0,0,0,0,0,0,0,中国工商银行,6227123456789012345,湖南省道县上关乡坝子塘村2组
200031,4,于荣*,2,0,0,0,yry712161,430123456789012345,已激活,普通用户,13412345678,2016年10月19日,14,42000,14,58600,6,0,20,1,0,6440,27300,0,4300,740,0,0,0,0,31300,0,0,0,0,0,0,0,0,0,中国邮政储蓄银行,6227123456789012345,河北省唐山市滦县东安各庄镇西安各庄村9排24号
200032,4,李肖*,2,0,0,0,15207757560,430123456789012345,未激活,普通用户,13412345678,2016年10月19日,,,,,,0,,0,,0,,0,,0,,0,,0,,0,,0,,0,,0,,0,NULL,6227123456789012345,NULL
200033,4,张雅*,2,0,0,0,15342269779,430123456789012345,已激活,普通用户,13412345678,2016年10月19日,13,39000,13,50400,0,0,17,0,0,1400,23400,0,0,0,0,0,0,0,30600,0,0,0,0,0,0,0,0,0,农行,6227123456789012345,山西省沁县定昌镇南关道56号1户
200034,5,金春*,2,0,0,0,15205190515,430123456789012345,已激活,普通用户,13412345678,2016年10月19日,15,45000,14,54300,0,0,16,2,0,1500,27300,0,0,0,0,0,0,0,30600,0,0,0,0,0,0,0,0,0,农业银行南京市光华路支行,6227123456789012345,江苏省南京市秦淮区风光里37号303
200035,5,刘涛*,2,0,0,0,king1314tao88,430123456789012345,已激活,普通用户,13412345678,2016年10月19日,15,45000,14,58400,2,0,44,0,0,5760,27300,0,4100,160,0,0,0,0,34700,0,0,0,0,0,0,0,0,0,工行,6227123456789012345,咸阳市陈阳寨陈阳新界14号楼
200036,5,郭惠*,2,0,0,0,15377325979,430123456789012345,已激活,普通用户,13412345678,2016年10月19日,15,45000,14,64500,47,2,172,13,12000,6150,27800,0,11700,4950,0,0,0,0,41800,0,0,0,0,0,0,0,0,0,湖南省湘潭市雨湖区工商银行,6227123456789012345,湖南省湘潭市雨湖区南岭路45号7栋2单元6号
200037,5,廖欢*,2,0,0,0,mnb289,430123456789012345,已冻结,普通用户,13412345678,2016年10月19日,13,39000,13,52800,0,0,14,0,0,3760,27300,0,2100,360,0,0,0,0,25500,0,0,0,0,0,0,0,0,0,中国农业银行,6227123456789012345,广东省佛山市南海区里水镇香堤水岸2栋501
200038,5,李*民,2,0,0,0,13028055625,430123456789012345,已激活,普通用户,13412345678,2016年10月19日,15,45000,14,55800,8,3,52,1,0,4201,27300,0,2400,301,0,0,0,0,40800,0,0,0,0,0,0,0,0,0,山西省晋城市工商银行,6227123456789012345,山西省晋城市陵川县崇文镇北四渠村四组91号
200039,5,方*梅,2,0,0,0,13804388549,430123456789012345,已激活,普通用户,13412345678,2016年10月19日,15,45000,14,63000,4,0,72,1,51,11739,27900,0,9900,390,0,0,0,0,40200,0,0,0,0,0,0,0,0,0,扶余工商行站前支行,6227123456789012345,吉林省松原市扶余德卡花园
200040,5,张*阳,2,0,0,0,17715263310,430123456789012345,已激活,普通用户,13412345678,2016年10月19日,6,18000,6,23400,0,0,6,0,0,600,19500,0,0,0,0,0,0,0,3900,0,0,0,0,0,0,0,0,0,中国招商银行南京弘阳支行,6227123456789012345,江苏省南京市桥北新村26栋1单301
200041,5,胡*芽,2,0,0,0,hmy180,430123456789012345,已激活,普通用户,13412345678,2016年10月19日,12,171000,11,212100,2,0,19,0,0,14570,183600,0,12500,370,0,0,0,0,33500,0,0,0,0,0,0,0,0,0,建设银行武汉雄楚支行,6227123456789012345,湖北省武汉市洪山区名士1号小区
200042,5,刘*会,2,0,0,0,15877361266,430123456789012345,未激活,普通用户,13412345678,2016年10月19日,,,,,,0,,0,,0,,0,,0,,0,,0,,0,,0,,0,,0,,0,NULL,6227123456789012345,NULL
200043,200013,梁玉*,4,0,0,0,lyy654321,430123456789012345,已激活,普通用户,13412345678,2016年10月19日,15,45000,14,61900,29,0,162,10,0,12540,23900,3900,9100,1940,0,0,0,0,43100,0,0,0,0,0,0,0,0,0,广东省肇庆市端州区古塔支行,6227123456789012345,广东省肇庆市端州区建设二路杏花庄渡头村东风队351号
200044,200013,温月*,4,0,0,0,wyl2999,430123456789012345,已激活,普通用户,13412345678,2016年10月19日,13,56000,13,71400,11,0,48,0,2490,6110,43500,3900,5900,1300,0,0,0,0,32900,0,0,0,0,0,0,0,0,0,中国农业银行单县开发区支行,6227123456789012345,山东省菏泽市单县舜师名园4号楼二单元302
200045,200013,焦*伟,4,0,0,0,焦伟3559,430123456789012345,已激活,普通用户,13412345678,2016年10月19日,13,39000,12,46800,2,0,21,0,1750,0,23400,0,0,450,0,0,0,0,27000,0,0,0,0,0,0,0,0,0,中国工商银行,6227123456789012345,辽宁省沈阳市康平县二牛乡刘家窝堡东组070292
200046,200013,黄*清,4,0,0,0,13686743251,430123456789012345,未激活,普通用户,13412345678,2016年10月19日,,,,,,0,,0,,0,,0,,0,,0,,0,,0,,0,,0,,0,,0,NULL,6227123456789012345,NULL
200047,200013,蒋*萍,4,0,0,0,13770337255,430123456789012345,已激活,普通用户,13412345678,2016年10月19日,15,45000,14,58400,17,0,180,7,0,8070,32200,0,4100,2470,0,0,0,0,29800,0,0,0,0,0,0,0,0,0,农业银行南京市大明路支行,6227123456789012345,江苏省南京市秦淮区龙翔雅苑74号501
200048,200013,黄*伟,4,0,0,0,huangjiwei,430123456789012345,已激活,普通用户,13412345678,2016年10月19日,10,111000,9,99300,7,3,27,0,0,2110,51600,0,0,810,0,0,0,0,11700,0,72000,0,0,0,0,0,0,0,邮政银行广东省深圳市新安支行,6227123456789012345,深圳市宝安区32区上川村3片72号603
200049,200013,万*桥,4,0,0,0,king1314wtq9107,430123456789012345,已激活,普通用户,13412345678,2016年10月19日,11,330000,10,354000,2,0,24,0,0,4960,180000,0,2700,60,0,0,0,0,0,0,209700,0,0,0,0,0,0,0,中国银行,6227123456789012345,湖北省汉川市田二河镇二河村一组
200050,200013,童心*,4,0,0,0,tx15107413398,430123456789012345,已激活,普通用户,13412345678,2016年10月19日,14,42000,14,54300,1,0,15,0,0,1400,31200,0,0,0,0,0,0,0,23100,0,0,0,0,0,0,0,0,0,工商银行,6227123456789012345,湖南省吉首永顺县地税宿舍
200051,200013,朱莉*,4,0,0,0,zlxjyy014677,430123456789012345,已激活,普通用户,13412345678,2016年10月19日,12,134000,11,167800,36,0,201,2,0,15581,109300,0,10000,3981,0,0,0,0,23700,0,39900,0,0,0,0,0,0,0,中国建设银行河南省焦作市焦东路支行,6227123456789012345,河南省焦作市中弘名都城
200052,200013,汤*立,4,0,0,0,tyl779,430123456789012345,已激活,普通用户,13412345678,2016年10月19日,14,42000,13,56500,47,0,189,0,0,9610,24100,3900,7600,610,0,0,0,0,37500,0,0,0,0,0,0,0,0,0,中国建设银行,6227123456789012345,浙江省义乌市西城路750号
200053,200013,陈*华,4,0,0,0,cjh126982,430123456789012345,未激活,普通用户,13412345678,2016年10月19日,,,,,,0,,0,,0,,0,,0,,0,,0,,0,,0,,0,,0,,0,NULL,6227123456789012345,NULL
200054,200013,张*玲,4,0,0,0,15072982482,430123456789012345,未激活,普通用户,13412345678,2016年10月19日,,,,,,0,,0,,0,,0,,0,,0,,0,,0,,0,,0,,0,,0,NULL,6227123456789012345,NULL
200055,200013,卢*丽,4,0,0,0,lyl258,430123456789012345,已激活,普通用户,13412345678,2016年10月19日,4,12000,5,16400,0,0,9,0,0,2020,15600,0,800,820,0,0,0,0,800,0,0,0,0,0,0,0,0,0,中国交通银行,6227123456789012345,广西南宁市西乡塘区北湖路城市春天15栋B单元501号
200056,200013,冯*银,4,0,0,0,king1314fcy19,430123456789012345,已激活,普通用户,13412345678,2016年10月19日,8,190000,9,225000,0,0,16,0,0,1600,156000,0,0,0,0,0,0,0,0,0,69000,0,0,0,0,0,0,0,工商银行山东省潍坊市寒亭分行,6227123456789012345,山东省潍坊市寒亭区益新街益新嘉苑1号楼
200057,200013,杨*利,4,0,0,0,ycl8686,430123456789012345,已激活,普通用户,13412345678,2016年10月19日,16,48000,14,60100,70,0,282,6,9110,4940,27800,0,7000,5450,0,0,0,0,37400,3600,0,0,0,0,0,0,0,0,中国农业银行,6227123456789012345,广西省北海市，海城区徐屋东一区三巷10号
200058,200013,张*栋,4,0,0,0,king1314zgd8888,430123456789012345,已激活,普通用户,13412345678,2016年10月19日,15,45000,14,54300,0,0,16,0,0,1500,31200,0,0,0,0,0,0,0,26700,0,0,0,0,0,0,0,0,0,中国农业银行凤城市中山支行,6227123456789012345,辽宁省凤城市建材胡同363号
200059,200013,农*媛,4,0,0,0,nly128,430123456789012345,已激活,普通用户,13412345678,2016年10月19日,15,45000,14,54300,0,0,16,0,0,1500,27300,0,0,0,0,0,0,0,30600,0,0,0,0,0,0,0,0,0,中国工商银行,6227123456789012345,广西壮族自治区南宁市青秀区建政路49号1栋2单元101号
200060,200013,陈波*,4,0,0,0,chen7021,430123456789012345,已激活,普通用户,13412345678,2016年10月19日,14,42000,14,54300,0,0,15,0,0,1400,31200,0,0,0,0,0,0,0,23100,0,0,0,0,0,0,0,0,0,工商银行,6227123456789012345,福建省莆田市仙游县榜头镇紫洋小学后面
200061,200013,许鸿*,4,0,0,0,xhx6688,430123456789012345,已激活,普通用户,13412345678,2016年10月19日,15,45000,14,66700,3,6,85,10,0,17641,29700,0,13900,2241,0,0,0,0,42100,0,0,0,0,0,0,0,0,0,中国民生银行,6227123456789012345,福建南安官桥新村街完美店
200062,200019,陈兰*,4,0,0,0,664137797,430123456789012345,已激活,普通用户,13412345678,2016年10月19日,10,30000,10,39000,0,0,10,0,0,1000,27300,0,0,0,0,0,0,0,11700,0,0,0,0,0,0,0,0,0,中国工商银行,6227123456789012345,湖北省武汉市江岸区后九万方二村17号
200063,200019,康显*,4,0,0,0,13281103780,430123456789012345,已激活,普通用户,13412345678,2016年10月19日,13,92000,13,113600,1,0,22,0,1500,90,29900,0,0,90,0,0,0,0,11700,0,72000,0,0,0,0,0,0,0,中国银行,6227123456789012345,四川省成都市郫县合作镇合信路888号西南公寓3号苑
200064,200019,崔国*,4,0,0,0,ccc666,430123456789012345,已激活,普通用户,13412345678,2016年10月19日,11,212000,10,248700,1,0,23,0,0,2340,107700,0,500,40,0,0,0,0,3900,50,141000,0,0,0,0,0,0,0,中国民生银行,6227123456789012345,河北省唐山市路南区惠民园小区411~2~1003
200065,200019,宋金*,4,0,0,0,15905780769,430123456789012345,已激活,普通用户,13412345678,2016年10月19日,14,96000,13,82800,0,0,18,0,0,1600,27300,0,0,0,0,0,0,0,19500,0,72000,0,0,0,0,0,0,0,中国银行,6227123456789012345,浙江省松阳县人民大街24号
200066,200019,邓欣*,4,0,0,0,dx168168,430123456789012345,已激活,普通用户,13412345678,2016年10月19日,10,30000,9,36100,0,0,12,0,0,3820,11700,0,2600,220,0,0,0,0,29300,80,0,0,0,0,0,0,0,0,中国邮政储蓄银行,6227123456789012345,重庆市巴南区
200067,200019,江录*,4,0,0,0,18621089550,430123456789012345,已激活,普通用户,13412345678,2016年10月19日,14,42000,13,56300,18,0,128,0,0,9321,27900,0,6400,1521,0,0,0,0,32800,0,0,0,0,0,0,0,0,0,工商银行,6227123456789012345,上海市仓梧路348号
200068,200019,费婷*,4,0,0,0,feiting19930813,430123456789012345,已激活,普通用户,13412345678,2016年10月19日,2,6000,2,7800,0,0,2,0,0,200,7800,0,0,0,0,0,0,0,0,0,0,0,0,0,0,0,0,0,中国建设银行,6227123456789012345,湖北省十堰市张湾区大岭路大岭小区
200069,200019,江*芳,4,0,0,0,jyf888,430123456789012345,已激活,普通用户,13412345678,2016年10月19日,12,36000,12,46800,0,0,13,0,0,1380,23400,3900,0,180,0,0,0,0,23400,0,0,0,0,0,0,0,0,0,中国农村商业银行,6227123456789012345,江苏省江阴市利港镇兴港小区14幢104
200070,200019,孙*君,4,0,0,0,king1317slj9,430123456789012345,已激活,普通用户,13412345678,2016年10月19日,11,310000,10,362900,11,0,28,0,0,29440,180900,0,27100,140,0,0,0,0,0,0,210200,0,0,0,0,0,0,0,中国建设银行乌海巴彦乌素大街支行,6227123456789012345,内蒙古乌海市海南区明达花园
200071,200019,王*平,4,0,0,0,18963536888,430123456789012345,已激活,普通用户,13412345678,2016年10月19日,15,45000,14,58300,7,0,71,8,0,6630,27900,0,4600,530,0,0,0,0,34600,0,0,0,0,0,0,0,0,0,山东省聊城市茌平县华夏支行,6227123456789012345,山东省聊城市茌平县振兴办事处马坊村
200072,200019,孙*英,4,0,0,0,15932512599s,430123456789012345,已激活,普通用户,13412345678,2016年10月19日,12,198000,11,203400,0,0,18,0,0,1800,55500,3900,0,0,0,0,0,0,3900,0,178500,0,0,0,0,0,0,0,中国建设银行,6227123456789012345,河北省唐山市遵化市第一实验小学
200073,200019,张*根,4,0,0,0,zjg13751005211,430123456789012345,已激活,普通用户,13412345678,2016年10月19日,11,114000,10,136000,11,0,17,0,0,3830,19500,0,1400,1030,0,0,0,0,12100,0,108700,0,0,0,0,0,0,0,深圳布吉支行,6227123456789012345,广东省深圳市宝安区龙华民治樟坑三区10栋402
200074,200019,王*侠,4,0,0,0,whx2200,430123456789012345,已激活,普通用户,13412345678,2016年10月19日,14,42000,14,54300,0,0,15,2,0,1400,27300,0,0,0,0,0,0,0,27000,0,0,0,0,0,0,0,0,0,中国农业银行,6227123456789012345,江苏省邳州市宿羊山镇长安路2-136号
200075,200019,郑*杰,4,0,0,0,552157037,430123456789012345,已冻结,普通用户,13412345678,2016年10月19日,1,3000,1,3900,0,0,2,0,0,100,3900,0,0,0,0,0,0,0,0,0,0,0,0,0,0,0,0,0,中国农业银行,6227123456789012345,湖北省恩施市巴东县沿渡河镇神龙大道28号
200076,200019,张兆*,4,0,0,0,sxhzp666,430123456789012345,已激活,普通用户,13412345678,2016年10月19日,15,45000,14,61100,6,0,19,0,0,13650,31800,0,8300,3850,0,0,0,0,34400,0,0,0,0,0,0,0,0,0,中国工商银行徐州分行沛县支行,6227123456789012345,江苏省徐州市沛县新源雅居2号楼104
200077,200019,谢业*,4,0,0,0,210531,430123456789012345,已激活,普通用户,13412345678,2016年10月19日,14,42000,13,50700,0,0,15,0,0,1400,27300,0,0,0,0,0,0,0,27000,0,0,0,0,0,0,0,0,0,中国工商银行,6227123456789012345,湖南省永州市祁阳县
200078,200019,刘影*,4,0,0,0,15765245255,430123456789012345,已激活,普通用户,13412345678,2016年10月19日,15,45000,14,62000,39,0,226,1,0,16561,30600,0,12800,2261,0,0,0,0,36500,3600,0,0,0,0,0,0,0,0,建设银行,6227123456789012345,黑龙江省绥化市北林区建设街4委副30组158号
200079,200019,熊凤*,4,0,0,0,13618586563,430123456789012345,未激活,普通用户,13412345678,2016年10月19日,,,,,,0,,0,,0,,0,,0,,0,,0,,0,,0,,0,,0,,0,NULL,6227123456789012345,NULL
200080,200020,沈婷*,4,4,20,57,stt653,430123456789012345,已激活,普通用户,13412345678,2016年10月19日,15,45000,14,57500,3,0,49,3,0,5730,31200,0,4200,30,0,0,0,0,30900,0,0,0,0,0,0,0,0,0,工商银行,6227123456789012345,江苏省南通市中兴花苑3-501
200081,200020,杨镕*,4,0,0,0,13348824091,430123456789012345,已激活,普通用户,13412345678,2016年10月19日,15,45000,14,56200,0,0,16,0,0,3750,31200,0,1600,650,0,0,0,0,28600,0,0,0,0,0,0,0,0,0,农业银行,6227123456789012345,成都市成华区龙潭寺秀林苑西区
200082,200020,赵富*,4,0,0,0,zfh13291329083,430123456789012345,已激活,普通用户,13412345678,2016年10月19日,11,117000,10,108900,3,0,18,0,0,6040,22700,0,3700,740,0,0,0,0,0,0,123100,0,0,0,0,0,0,0,农业银行,6227123456789012345,江苏省常州市天宁区华盛家苑
200083,200020,叶英*,4,0,0,0,kjng1314yym,430123456789012345,已激活,普通用户,13412345678,2016年10月19日,14,42000,13,55200,1,0,15,0,0,6818,27300,0,5300,118,0,0,0,0,32300,0,0,0,0,0,0,0,0,0,中国银行,6227123456789012345,福建省福州市晋安区鼓山埠兴村村兰里
200084,200020,朱富*,4,0,0,0,zhufubin111,430123456789012345,已激活,普通用户,13412345678,2016年10月19日,14,42000,13,50700,3,0,26,2,100,2020,27300,0,600,120,0,0,0,0,27600,0,0,0,0,0,0,0,0,0,中国农业银行,6227123456789012345,宁夏回族自治区银川市贺兰县居安苑20栋1单元501
200085,200020,易*洋,4,0,0,0,yy1113,430123456789012345,已冻结,普通用户,13412345678,2016年10月19日,6,99000,6,121500,2,0,19,0,0,4050,121500,0,1800,1350,0,0,0,0,0,0,0,0,0,0,0,0,0,0,中国邮政储蓄银行,6227123456789012345,湖南省岳阳县城关镇东方路99号
200086,200020,赵*文,4,0,0,0,king1317zlw8,430123456789012345,已激活,普通用户,13412345678,2016年10月19日,15,45000,14,59400,2,0,48,0,0,6780,27800,0,5100,180,0,0,0,0,35200,0,0,0,0,0,0,0,0,0,工商银行衢州市支行,6227123456789012345,浙江省衢州市衢江区后溪镇张村村西塘106
200087,200020,宋*超,4,0,0,0,111111木聿口,430123456789012345,已激活,普通用户,13412345678,2016年10月19日,1,3000,1,3900,0,0,1,0,0,100,3900,0,0,0,0,0,0,0,0,0,0,0,0,0,0,0,0,0,河北省农村信用社,6227123456789012345,河北省唐山市滦县榛子镇塔上村
200088,200020,鹿*威,4,0,0,0,15965780148,430123456789012345,已冻结,普通用户,13412345678,2016年10月19日,12,36000,12,46800,0,0,14,0,0,1200,27300,3900,0,0,0,0,0,0,19500,0,0,0,0,0,0,0,0,0,工商银行山东潍坊高密市支行,6227123456789012345,山东省潍坊市高密市东小庄二号楼
200089,200020,记*成,4,0,0,0,li456321,430123456789012345,已激活,普通用户,13412345678,2016年10月19日,14,96000,13,114600,0,0,17,0,0,1600,87600,3900,0,0,0,0,0,0,30600,0,0,0,0,0,0,0,0,0,中国邮政储蓄银行辽宁省铁岭市凡河新区钟山路支行,6227123456789012345,辽宁省铁岭市凡河新区三区
200090,200020,张*广,4,0,0,0,13213948555,430123456789012345,未激活,普通用户,13412345678,2016年10月19日,,,,,,0,,0,,0,,0,,0,,0,,0,,0,,0,,0,,0,,0,NULL,6227123456789012345,NULL
200091,200020,黄*欣,4,0,0,0,king1314hx666,430123456789012345,已激活,普通用户,13412345678,2016年10月19日,14,31000,14,40100,0,0,14,0,1200,200,22100,0,0,0,0,0,0,0,18000,0,0,0,0,0,0,0,0,0,招商银行,6227123456789012345,福建省厦门市思明区明发广场66号
200092,200020,林*鹤,4,0,0,0,lhg88888,430123456789012345,已激活,普通用户,13412345678,2016年10月19日,6,18000,7,23900,1,0,8,0,0,1141,23400,500,500,41,0,0,0,0,500,0,0,0,0,0,0,0,0,0,建行,6227123456789012345,浙江省温州市平阳县山门镇西山村
200093,200020,李本*,4,0,0,0,lby13961438994,430123456789012345,已激活,普通用户,13412345678,2016年10月19日,10,108000,9,97300,1,0,17,0,0,4100,23400,0,2400,300,0,0,0,0,0,0,110400,0,0,0,0,0,0,0,农业银行,6227123456789012345,常州市天宁区丽华一村
200094,200020,王巧*,4,0,0,0,15937908181,430123456789012345,已激活,普通用户,13412345678,2016年10月19日,14,42000,13,52300,3,0,19,0,0,3560,27800,0,1600,560,0,0,0,0,28100,0,0,0,0,0,0,0,0,0,建设银行，孟津支行,6227123456789012345,河南省洛阳市西工区金谷园路107门面房消防器材店
200095,200020,王素*,4,0,0,0,525222,430123456789012345,已激活,普通用户,13412345678,2016年10月19日,5,15000,4,15600,3,0,6,0,0,770,0,0,0,270,0,0,0,0,19500,0,0,0,0,0,0,0,0,0,中国农业银行江苏省丹阳市埤城支行,6227123456789012345,丹阳市丹北镇埤城派出所向西100米快递驿站
200096,200020,李焱*,4,0,0,0,407824800,430123456789012345,已激活,普通用户,13412345678,2016年10月19日,14,42000,13,50700,0,0,15,0,0,1400,31200,0,0,0,0,0,0,0,23100,0,0,0,0,0,0,0,0,0,中国工商银行贵阳市文化路支行,6227123456789012345,贵州省贵阳市云岩区安云路邮电学校
200097,200020,邹应*,4,0,0,0,iqiq6996,430123456789012345,已激活,普通用户,13412345678,2016年10月19日,13,36000,12,42900,1,0,15,0,0,1840,23400,0,0,540,0,0,0,0,23100,0,0,0,0,0,0,0,0,0,中山支行,6227123456789012345,.贵州省遵义市红花岗区万里路1号2栋1单元10号
200098,200025,詹浩*,3,0,0,0,zhan12122424,430123456789012345,已激活,普通用户,13412345678,2016年10月19日,14,42000,13,51500,4,0,16,0,0,2840,23400,0,1100,340,0,0,0,0,31700,0,0,0,0,0,0,0,0,0,中国农业银行,6227123456789012345,广东省普宁市南溪镇典詹村金东14号
200099,200025,杨小*,3,0,0,0,iqiq7077,430123456789012345,已冻结,普通用户,13412345678,2016年10月19日,7,48000,7,59400,0,0,9,0,0,700,36000,780,0,0,0,0,0,0,23400,0,0,0,0,0,0,0,0,0,中国民生银行,6227123456789012345,江西省宜春市袁州区慈化镇西山村竹棚组25号
200100,200025,彭蔷*,3,0,0,0,pq060107,430123456789012345,已激活,普通用户,13412345678,2016年10月19日,14,42000,13,56800,42,3,248,3,0,11510,28100,0,7600,2510,0,0,0,0,33800,0,0,0,0,0,0,0,0,0,中国农业银行江苏省邳州支行,6227123456789012345,江苏省邳州市明德智园小区1号楼2单元
200101,200025,刘少*,3,0,0,0,470102296,430123456789012345,未激活,普通用户,13412345678,2016年10月19日,,,,,,0,,0,,0,,0,,0,,0,,0,,0,,0,,0,,0,,0,NULL,6227123456789012345,NULL
200102,200025,曹*艳,3,0,0,0,13764862159,430123456789012345,已激活,普通用户,13412345678,2016年10月19日,15,45000,14,54300,0,0,16,0,0,1500,27300,3900,0,0,0,0,0,0,30600,0,0,0,0,0,0,0,0,0,上海市奉贤区邬桥支行,6227123456789012345,上海市奉贤区大叶公路2058弄10号
200103,200025,程*霞,3,0,0,0,a13704381078,430123456789012345,已激活,普通用户,13412345678,2016年10月19日,14,42000,13,54300,0,0,16,1,0,1400,27300,0,0,0,0,0,0,0,27000,0,0,0,0,0,0,0,0,0,中国民生银行,6227123456789012345,吉林省延吉市朝阳街苹果小区10.4.103
200104,200025,陈*谋,3,0,0,0,15219845288,430123456789012345,已激活,普通用户,13412345678,2016年10月19日,14,42000,13,55200,2,0,17,0,0,7161,27300,0,5200,561,0,0,0,0,32200,0,0,0,0,0,0,0,0,0,中国农业银行五华县支行,6227123456789012345,广东省五华县安流镇三江村三江圩
200105,200025,涂*嫚,3,0,0,0,13136489539,430123456789012345,已激活,普通用户,13412345678,2016年10月19日,13,39000,13,50400,0,0,14,0,0,1300,23400,3900,0,0,0,0,0,0,27000,0,0,0,0,0,0,0,0,0,农业银行湖北省咸宁市通山县九宫支行,6227123456789012345,湖北省咸宁市通山县
200106,200025,彭*连,3,0,0,0,iqiq0046,430123456789012345,已激活,普通用户,13412345678,2016年10月19日,3,7000,2,5200,0,0,4,0,0,300,0,0,0,0,0,0,0,0,9100,0,0,0,0,0,0,0,0,0,邮政储蓄银行江西省宜春市慈化支行,6227123456789012345,江西省宜春市袁州区慈化镇西山村草场组18号
200107,200025,陈*友,3,0,0,0,csy777,430123456789012345,已激活,普通用户,13412345678,2016年10月19日,15,45000,14,57600,0,0,16,0,0,5034,27300,0,3300,234,0,0,0,0,33900,0,0,0,0,0,0,0,0,0,建行福建省福州市闽清县支行,6227123456789012345,福建省福州市闽清县梅溪榕星311A号
200108,200025,袁*周,3,0,0,0,king1314yzhou,430123456789012345,已激活,普通用户,13412345678,2016年10月19日,12,36000,12,46800,0,0,18,0,0,1200,31200,0,0,0,0,0,0,0,15600,0,0,0,0,0,0,0,0,0,中国工商银行,6227123456789012345,江苏省宿迁市宿豫区王官集镇花园村七组96号
200109,200025,何*冰,3,0,0,0,hhb128,430123456789012345,已激活,普通用户,13412345678,2016年10月19日,14,42000,13,50700,0,0,15,0,0,1400,27300,0,0,0,0,0,0,0,27000,0,0,0,0,0,0,0,0,0,中国农业银行广东省佛山市高明支行,6227123456789012345,广东省佛山市高明区沧江路沧江一品一座604
200110,200025,刘*风,3,0,0,0,18635357158,430123456789012345,未激活,普通用户,13412345678,2016年10月19日,,,,,,0,,0,,0,,0,,0,,0,,0,,0,,0,,0,,0,,0,NULL,6227123456789012345,NULL
200111,200025,杨*来,3,0,0,0,iqiq8886,430123456789012345,已激活,普通用户,13412345678,2016年10月19日,7,48000,6,55500,0,0,11,0,0,800,36000,0,0,0,0,0,0,0,23400,0,0,0,0,0,0,0,0,0,农业银行,6227123456789012345,广东省深圳市龙岗区平湖街道融湖中心3栋2601房
200112,200025,刘欣*,3,1,1,1,anan520,430123456789012345,已激活,普通用户,13412345678,2016年10月19日,14,49000,13,57100,4,0,114,4,0,15210,32600,0,11400,2310,0,0,0,0,24500,0,17000,0,0,0,0,0,0,0,工商银行临湖支行,6227123456789012345,宁夏银川市金凤区宝湖路国奥村6-1-202室
200113,200025,欧旭*,3,0,0,0,ouxuri,430123456789012345,未激活,普通用户,13412345678,2016年10月19日,,,,,,0,,0,,0,,0,,0,,0,,0,,0,,0,,0,,0,,0,NULL,6227123456789012345,NULL
200114,200025,黄文*,3,0,0,0,hwl6688,430123456789012345,已激活,普通用户,13412345678,2016年10月19日,12,144000,12,175800,10,0,26,0,0,2860,91500,0,600,660,0,0,0,0,11700,0,72600,0,0,0,0,0,0,0,广东惠州水口龙湖支行,6227123456789012345,广东惠州水口龙湖莱欧服饰有限公司
200115,200080,韩朝*,5,3,13,37,hzh6130,430123456789012345,已激活,普通用户,13412345678,2016年10月19日,13,120000,11,111000,0,0,17,0,0,1600,23400,0,0,0,0,0,0,0,15600,0,108000,0,0,0,0,0,0,0,工商银行,6227123456789012345,河北省遵化市宏伟名都1号楼3门902室
200116,200080,杨秀*,5,0,0,0,15303760356,430123456789012345,已激活,普通用户,13412345678,2016年10月19日,10,246000,9,256800,2,0,21,0,0,1980,115800,0,0,180,0,0,0,0,0,0,175500,0,0,0,0,0,0,0,中国农业银行河南省分行潢川县支行西关天驹分理处,6227123456789012345,河南省信阳市潢川县商贸城西街中段
200117,200080,王学*,5,0,0,0,wxz8899,430123456789012345,已激活,普通用户,13412345678,2016年10月19日,14,40000,13,47800,0,0,15,0,0,1400,24700,0,0,0,0,0,0,0,26700,0,0,0,0,0,0,0,0,0,中国建设银行河北省丰润分行,6227123456789012345,河北省唐山市任各庄镇陶立营村北大街路南10号
200118,200080,袁林*,5,0,0,0,469287,430123456789012345,未激活,普通用户,13412345678,2016年10月19日,,,,,,0,,0,,0,,0,,0,,0,,0,,0,,0,,0,,0,,0,NULL,6227123456789012345,NULL
200119,200080,苗德*,5,0,0,0,13069719330,430123456789012345,已激活,普通用户,13412345678,2016年10月19日,7,102000,7,123600,1,0,11,0,0,1270,108000,0,0,270,0,0,0,0,15600,0,0,0,0,0,0,0,0,0,中国农业银行股份有限公司绥化大有支行,6227123456789012345,黑龙江省绥化市北林区北五西路北华楼b栋一单元202
200120,200080,姚崴*,5,0,0,0,yw1992,430123456789012345,已激活,普通用户,13412345678,2016年10月19日,14,42000,14,58600,8,0,77,0,290,5700,32500,0,4000,590,0,0,0,0,26100,0,0,0,0,0,0,0,0,0,中国建设银行河南省罗山支行,6227123456789012345,河南省信阳市罗山县
200121,200080,黄*芝,5,0,0,0,15938133892,430123456789012345,已激活,普通用户,13412345678,2016年10月19日,13,39000,13,51400,3,0,14,0,0,3550,23400,0,1000,1250,0,0,0,0,28000,0,0,0,0,0,0,0,0,0,河南省农村信用社,6227123456789012345,河南省焦作市温县西韩村
200122,200080,金*珠,5,0,0,0,fz1683,430123456789012345,已冻结,普通用户,13412345678,2016年10月19日,1,1000,1,1300,5,0,7,0,0,280,1300,0,0,180,0,0,0,0,0,0,0,0,0,0,0,0,0,0,中国邮政,6227123456789012345,福建省霞浦
200123,200080,刘*丽,5,0,0,0,200626,430123456789012345,已激活,普通用户,13412345678,2016年10月19日,14,42000,13,54900,10,0,82,0,290,6680,23900,1950,5300,370,0,0,0,0,35400,0,0,0,0,0,0,0,0,0,中国工商银行乌鲁木齐南昌路支行,6227123456789012345,新疆乌鲁木齐市沙依巴克区克拉玛依西街467号晨曦小区4栋3单元401
200124,200080,黄*丽,5,0,0,0,kk66666,430123456789012345,已激活,普通用户,13412345678,2016年10月19日,14,42000,12,55200,7,0,54,0,0,8270,24000,0,6300,570,0,0,0,0,36300,0,0,0,0,0,0,0,0,0,广州市番禺平康支行,6227123456789012345,广东省广州市番禺区东涌镇简北东街132号
200125,200080,熊*英,5,0,0,0,king1317xxy8,430123456789012345,已激活,普通用户,13412345678,2016年10月19日,10,95000,9,111600,2,0,20,0,0,1950,27600,0,0,450,0,0,0,0,3400,50,84000,0,0,0,0,0,0,0,中国建设银行,6227123456789012345,上海浦东新区沪南路康花路东郊百联2420
200126,200080,罗*,5,0,0,0,13860385803,430123456789012345,已激活,普通用户,13412345678,2016年10月19日,13,120000,12,127900,1,0,20,0,0,25150,34300,0,23500,50,0,0,0,0,10200,0,126000,0,0,0,0,0,0,0,福建省农村信用社联合社,6227123456789012345,福建省福安市城北街道东新路22号
200127,200080,韩*华,5,0,0,0,13562011691,430123456789012345,已激活,普通用户,13412345678,2016年10月19日,15,45000,14,57500,6,0,27,0,0,5190,27300,0,3200,490,0,0,0,0,33800,0,0,0,0,0,0,0,0,0,山东省聊城市茌平县农业支行,6227123456789012345,山东省聊城市茌平县振兴办事处马坊村
200128,200080,丁*英,5,0,0,0,king1314dinying,430123456789012345,已激活,普通用户,13412345678,2016年10月19日,15,45000,14,55500,4,0,18,0,0,3390,27300,0,1800,90,0,0,0,0,32400,0,0,0,0,0,0,0,0,0,工商银行,6227123456789012345,新疆乌鲁木齐新体巷奥林小区122
200129,200080,王国*,5,0,0,0,15209368402,430123456789012345,已激活,普通用户,13412345678,2016年10月19日,15,45000,13,56700,3,0,18,0,0,5100,27300,0,3600,0,0,0,0,0,34200,0,0,0,0,0,0,0,0,0,工商银行,6227123456789012345,甘肃省张掖市临泽县西寨一社
200130,200080,孙红*,5,0,0,0,春2055136140,430123456789012345,已激活,普通用户,13412345678,2016年10月19日,15,45000,14,55400,2,0,19,0,0,2970,27300,0,1100,370,0,0,0,0,31700,0,0,0,0,0,0,0,0,0,山东省潍坊地区青州市火车站支行,6227123456789012345,山东省潍坊地区青州市旗城家园8号楼2单元201室
200131,200080,张馨*,5,0,0,0,zxy998,430123456789012345,已激活,普通用户,13412345678,2016年10月19日,14,42000,13,55400,21,0,136,2,3160,4241,27900,0,5500,501,0,0,0,0,31900,0,0,0,0,0,0,0,0,0,中国工商银行,6227123456789012345,云南省曲靖市麒麟区南宁西路219号
200132,200080,王牧*,5,0,0,0,380772,430123456789012345,已激活,普通用户,13412345678,2016年10月19日,1,2000,1,2600,0,0,1,0,0,100,2600,0,0,0,0,0,0,0,0,0,0,0,0,0,0,0,0,0,农业银行,6227123456789012345,内蒙古霍林郭勒市创业路北022栋3号
200133,200080,余延*,5,0,0,0,king7965,430123456789012345,已激活,普通用户,13412345678,2016年10月19日,8,24000,7,27300,0,0,10,0,0,800,3900,0,0,0,0,0,0,0,27000,0,0,0,0,0,0,0,0,0,农业银行,6227123456789012345,四川省成都市斑竹园镇北欧知识城
200134,200080,朱书*,5,0,0,0,585694,430123456789012345,已激活,普通用户,13412345678,2016年10月19日,13,39000,12,46500,1,0,19,0,0,1660,19500,0,0,360,0,0,0,0,30600,0,0,0,0,0,0,0,0,0,紫金农村商业银行,6227123456789012345,南京市下关区于家巷2号东单元
200135,200115,李影*,6,1,6,6,18645532720,430123456789012345,已激活,普通用户,13412345678,2016年10月19日,14,42000,13,63900,12,0,86,3,0,18640,31500,0,14700,2540,0,0,0,0,37500,0,0,0,0,0,0,0,0,0,黑龙江省绥化市北林区交通银行支行,6227123456789012345,黑龙江省绥化市北林区华星明苑1单元1601
200136,200115,梁伟*,6,2,13,18,lw668801,430123456789012345,已激活,普通用户,13412345678,2016年10月19日,5,15000,5,19500,2,1,14,0,0,860,3900,0,0,360,0,0,0,0,15600,0,0,0,0,0,0,0,0,0,交通银行晋城分行营业部,6227123456789012345,山西省晋城市黄华街小区1-2-501
200137,200115,邹远*,6,0,0,0,z736173074,430123456789012345,已激活,普通用户,13412345678,2016年10月19日,14,42000,13,50700,0,0,14,0,0,1400,27300,0,0,0,0,0,0,0,27000,0,0,0,0,0,0,0,0,0,中国农业银行,6227123456789012345,四川省凉山州宁南县白鹤滩镇六城村三队
200138,200115,王学*,6,0,0,0,wxj5999,430123456789012345,已激活,普通用户,13412345678,2016年10月19日,13,39000,12,51300,12,0,84,0,150,7000,25800,0,5600,250,0,0,0,0,29900,0,0,0,0,0,0,0,0,0,黑龙江农村信用社联合社双鸭山市市区农村信用合作联社,6227123456789012345,黑龙江省双鸭山市尖山区领航合园4号楼1302
200139,200115,潘玉*,6,0,0,0,pxy8868,430123456789012345,已冻结,普通用户,13412345678,2016年10月19日,11,87000,11,107100,0,0,14,0,0,1300,23400,0,0,0,0,0,0,0,11700,0,72000,0,0,0,0,0,0,0,农业银行,6227123456789012345,河北省遵化市鑫海钢材市场108号
200140,200115,邵柏*,6,0,0,0,sbh12345,430123456789012345,已激活,普通用户,13412345678,2016年10月19日,4,12000,4,16100,2,0,5,0,0,1360,0,0,500,460,0,0,0,0,16100,0,0,0,0,0,0,0,0,0,建设银行,6227123456789012345,吉林省长春市朝阳区抚松路与浑江街交汇处领袖朝阳小区24栋1501室
200141,200115,李小*,6,0,0,0,15203025043,430123456789012345,已激活,普通用户,13412345678,2016年10月19日,7,38000,7,47400,0,0,9,0,0,800,47400,0,0,0,0,0,0,0,0,0,0,0,0,0,0,0,0,0,中国建设银行,6227123456789012345,海南省 三亚市 凤凰山居
200142,200115,李元*,6,0,0,0,xiaofeiniu,430123456789012345,已激活,普通用户,13412345678,2016年10月19日,15,45000,14,55500,0,0,16,0,0,3600,27300,3900,2100,0,0,0,0,0,32700,0,0,0,0,0,0,0,0,0,中国工商银行泸州江阳支行,6227123456789012345,四川省泸州市慈善路中云大都会金夫人婚纱影楼
200143,200115,周*宇,6,0,0,0,zhy585858,430123456789012345,已激活,普通用户,13412345678,2016年10月19日,13,120000,12,121800,59,12,26,0,20,47150,90900,3900,25800,19770,0,0,0,0,30900,0,51000,0,0,0,0,0,0,0,中国农业银行湖北省恩施市航空路营业部,6227123456789012345,湖北省恩施市航空路银河新村39号
200144,200115,周*凤,6,0,0,0,8627320,430123456789012345,已激活,普通用户,13412345678,2016年10月19日,15,99000,13,50700,0,0,19,0,0,1700,31200,0,0,0,0,0,0,0,19500,0,36000,36000,0,0,0,0,0,0,广东农信三水农村信用社兴塘分社,6227123456789012345,广东省佛山市三水大塘工业园进欣路3号联润染整
200145,200115,冷*华,6,0,0,0,lfh777,430123456789012345,已冻结,普通用户,13412345678,2016年10月19日,12,36000,12,46800,0,0,13,0,0,1200,23400,0,0,0,0,0,0,0,23400,0,0,0,0,0,0,0,0,0,招商银行,6227123456789012345,辽宁省丹东市振兴区纤维街13号1单元601室
200146,200115,余曼*,6,0,0,0,461987,430123456789012345,已激活,普通用户,13412345678,2016年10月19日,15,45000,14,54300,0,0,16,0,0,1500,27300,0,0,0,0,0,0,0,30600,0,0,0,0,0,0,0,0,0,中国银行,6227123456789012345,湖南省永州市冷水滩区梅湾路357号
200147,200115,廖安*,6,0,0,0,13408536107,430123456789012345,已激活,普通用户,13412345678,2016年10月19日,11,195000,11,230600,1,0,24,0,2680,100,119700,0,1000,80,0,0,0,0,7900,0,106500,0,0,0,0,0,0,0,中国平安银行,6227123456789012345,四川省成都市龙泉驿区十陵和平路162号二楼
200148,200135,赖晓*,7,0,0,0,19690920,430123456789012345,已激活,普通用户,13412345678,2016年10月19日,10,300000,9,321600,1,0,41,5,590,7380,145000,0,5900,70,0,0,0,0,0,0,213400,0,0,0,0,0,0,0,中国农业银行四川省成都市商鼎国际支行,6227123456789012345,四川省成都市武侯区金江路39号映月花园15栋2号
200149,200135,李*永,7,0,0,0,lwy1666,430123456789012345,已激活,普通用户,13412345678,2016年10月19日,14,42000,14,54800,2,0,24,0,0,2390,27300,0,500,490,0,0,0,0,27500,0,0,0,0,0,0,0,0,0,中国农业银行,6227123456789012345,浙江省仙居县大战乡峡领坑村55号
200150,200135,林*,7,0,0,0,18660552137,430123456789012345,已激活,普通用户,13412345678,2016年10月19日,11,249000,10,261000,0,0,20,0,0,7090,183900,0,3300,1890,0,0,0,0,7950,0,107000,50,0,0,0,0,0,0,农业银行,6227123456789012345,山东省招远市温泉街道初山路18号丽湖一期
200151,200135,黄*佳,7,0,0,0,18336745855,430123456789012345,已激活,普通用户,13412345678,2016年10月19日,14,42000,14,54300,0,0,15,0,0,1400,27300,0,0,0,0,0,0,0,27000,0,0,0,0,0,0,0,0,0,中国银行,6227123456789012345,河南省洛阳市宜阳县锦屏镇高桥村
200152,200135,韩*香,7,0,0,0,hgxsxh6666,430123456789012345,已激活,普通用户,13412345678,2016年10月19日,12,36000,11,43100,2,0,29,0,0,2370,15600,0,1100,70,0,0,0,0,31700,0,0,0,0,0,0,0,0,0,中国建设银行,6227123456789012345,辽宁省锦州市凌河区解放路六段2－111
200153,200135,张子*,7,0,0,0,zhangzirui,430123456789012345,已激活,普通用户,13412345678,2016年10月19日,9,26000,9,33800,0,0,10,1,900,0,10400,0,0,0,0,0,0,0,23400,0,0,0,0,0,0,0,0,0,中国工商银行锦绣路支行,6227123456789012345,上海浦东新区北蔡北艾路1200弄37号103
200154,200136,龙林*,7,0,0,0,18628385890,430123456789012345,已激活,普通用户,13412345678,2016年10月19日,15,45000,14,54800,0,0,15,0,0,2310,27300,0,500,310,0,0,0,0,31100,0,0,0,0,0,0,0,0,0,中国工商银行,6227123456789012345,四川省宜宾县古柏乡古柏村桥头组9号
200155,200136,杨*杰,7,0,0,0,18887263337,430123456789012345,已激活,普通用户,13412345678,2016年10月19日,14,42000,14,53300,6,0,41,0,0,4640,31200,0,2600,640,0,0,0,0,25700,0,0,0,0,0,0,0,0,0,中国建设银行,6227123456789012345,云南省宾川县力角镇自和村51号附1号
200156,200136,郭双*,7,0,0,0,lajiao82401,430123456789012345,未激活,普通用户,13412345678,2016年10月19日,,,,,,0,,0,,0,,0,,0,,0,,0,,0,,0,,0,,0,,0,NULL,6227123456789012345,NULL
200157,200136,祁*铭,7,0,0,0,13514197090,430123456789012345,已冻结,普通用户,13412345678,2016年10月19日,4,12000,4,15600,0,0,5,0,0,400,0,0,0,0,0,0,0,0,15600,0,0,0,0,0,0,0,0,0,中国银行,6227123456789012345,辽宁省灯塔市烟台街道繁荣街
200158,200136,潘*春,7,0,0,0,athlon,430123456789012345,已激活,普通用户,13412345678,2016年10月19日,7,21000,7,27300,0,0,8,0,100,600,23400,0,0,0,0,0,0,0,3900,0,0,0,0,0,0,0,0,0,中国农业银行,6227123456789012345,福建省龙岩市新罗区南城新陂路1号
200159,200136,凌*慧,7,0,0,0,ljh178,430123456789012345,已激活,普通用户,13412345678,2016年10月19日,12,36000,12,47200,2,0,15,0,0,2460,19500,0,700,560,0,0,0,0,27700,0,0,0,0,0,0,0,0,0,中国农业银行积玉桥支行,6227123456789012345,湖北省武汉市江岸区香港路218号华氏百货F座1507
200160,200136,吴*梅,7,0,0,0,13030794770,430123456789012345,已激活,普通用户,13412345678,2016年10月19日,12,36000,11,42600,0,0,13,0,0,1200,15600,0,0,0,0,0,0,0,30600,0,0,0,0,0,0,0,0,0,农业银行,6227123456789012345,辽宁省开原市八一街三和堂按摩院
200161,200136,路霞*,7,0,0,0,lx600666,430123456789012345,已激活,普通用户,13412345678,2016年10月19日,12,36000,12,47800,0,0,14,0,0,7290,20800,0,5900,190,0,0,0,0,31300,0,0,0,0,0,0,0,0,0,建设银行青铜峡支行,6227123456789012345,宁夏青铜峡市古峡东街水岸世家芙蓉园6号楼-3单元-501室
200162,200136,许晓*,7,0,0,0,king1315xxh,430123456789012345,已激活,普通用户,13412345678,2016年10月19日,12,36000,11,44400,6,0,47,1,0,3810,19500,0,2300,310,0,0,0,0,29000,0,0,0,0,0,0,0,0,0,中国建设银行交城县沙河街支行,6227123456789012345,山西省吕梁市交城县天元小区13号楼4单元101
200163,200136,王延*,7,0,0,0,wyl333,430123456789012345,已激活,普通用户,13412345678,2016年10月19日,14,42000,13,50400,0,0,15,0,0,1400,27300,0,0,0,0,0,0,0,26700,0,0,0,0,0,0,0,0,0,中国农业银行逊克支行,6227123456789012345,黑龙江省黑河市逊克县大热集资楼后院西侧小二楼
200164,200136,郭*涛,7,0,0,0,gxt13785413797,430123456789012345,已激活,普通用户,13412345678,2016年10月19日,14,42000,14,54300,0,0,14,0,0,1400,27300,0,0,0,0,0,0,0,27000,0,0,0,0,0,0,0,0,0,中国邮政银行石家庄分行高邑支行,6227123456789012345,河北省石家庄市高邑县高邑镇凤中路54号
200165,200136,周*英,7,0,0,0,13176531158,430123456789012345,已激活,A轮功德主,13412345678,2016年10月19日,27,161800,12,150400,69,228,539,35,1513,51598,34800,0,49100,2511,43800,90,0,0,14700,0,146400,0,0,0,0,0,0,0,建设银行市南三支行汉口了储蓄所,6227123456789012345,山东省青岛市市北区威海路273号203户
200166,200136,刘*静,7,1,5,5,15882088087,430123456789012345,已激活,普通用户,13412345678,2016年10月19日,15,45000,14,54800,0,0,17,0,0,2400,27300,0,500,400,0,0,0,0,31100,0,0,0,0,0,0,0,0,0,中国银行成都市西南交大支行,6227123456789012345,成都市金牛区迎宾大道近郊民居51栋4单元
200167,200166,张*芹,8,0,0,0,13869578593,430123456789012345,已激活,普通用户,13412345678,2016年10月19日,14,42000,13,54000,12,0,44,0,0,5570,23900,0,4100,70,0,0,0,0,34200,0,0,0,0,0,0,0,0,0,山东省聊城市茌平县华夏支行,6227123456789012345,山东省聊城市茌平县冯屯镇望鲁店东村
200168,200166,曾*娣,8,0,0,0,zjd1314168,430123456789012345,已激活,普通用户,13412345678,2016年10月19日,15,45000,14,54300,0,0,16,0,0,1500,27300,0,0,0,0,0,0,0,30600,0,0,0,0,0,0,0,0,0,中国邮政储蓄银行,6227123456789012345,广东省广州市海珠区后滘村北大街20号
200169,200166,张*露,8,0,0,0,911107,430123456789012345,已激活,普通用户,13412345678,2016年10月19日,4,12000,4,15600,0,0,4,0,100,300,15600,0,0,0,0,0,0,0,0,0,0,0,0,0,0,0,0,0,中国工商银行新沂支行,6227123456789012345,苏州工业园区青剑湖悦澜湾
200170,200166,李*辉,8,0,0,0,li13592425785,430123456789012345,已激活,普通用户,13412345678,2016年10月19日,5,15000,5,19500,3,0,11,0,0,1130,0,0,500,130,0,0,0,0,20000,0,0,0,0,0,0,0,0,0,南京交通银行,6227123456789012345,河南省长葛市古桥乡石庄村
200171,200166,张丽*,8,0,0,0,86562636,430123456789012345,已激活,普通用户,13412345678,2016年10月19日,13,39000,12,46500,0,0,14,0,0,1300,23400,0,0,0,0,0,0,0,26700,0,0,0,0,0,0,0,0,0,中国工商银行,6227123456789012345,湖北省荆门市沙洋县马良镇王港九组
200172,123654,杨盛*,0,0,0,0,ysb888,430123456789012345,已激活,普通用户,13412345678,2016年10月19日,15,45000,14,54300,0,0,16,0,0,1500,31200,0,0,0,0,0,0,0,26700,0,0,0,0,0,0,0,0,0,华润,6227123456789012345,湖南省城步苗族自治县儒林镇新枧水村3组
200173,200112,段蔼*,4,0,0,0,tang520,430123456789012345,已激活,普通用户,13412345678,2016年10月19日,11,33000,11,43300,6,0,36,2,0,2090,19500,0,700,290,0,0,0,0,23800,0,0,0,0,0,0,0,0,0,招商银行,6227123456789012345,宁夏银川市金凤区枕水花园
200174,114938,吴*娟,0,0,0,0,wujuanjuan,430123456789012345,已激活,普通用户,13412345678,2016年10月19日,14,42000,13,52500,17,0,50,0,3960,280,23400,0,2600,240,0,0,0,0,33200,0,0,0,0,0,0,0,0,0,农业银行,6227123456789012345,湖北省随州市唐县镇北园五组
200175,107539,马*良,0,0,0,0,130427,430123456789012345,已激活,普通用户,13412345678,2016年10月19日,13,191000,12,195300,1,0,21,0,0,1900,27300,0,0,0,0,0,0,0,0,0,202500,0,0,0,0,0,0,0,辽宁省辽阳市中国邮政银行,6227123456789012345,辽宁省辽阳市白塔区新兴街28号碧海泓珠洗浴斜对面环卫车队马俊良收
200176,158877,杨*祥,0,0,0,0,yfx1688,430123456789012345,已激活,普通用户,13412345678,2016年10月19日,15,45000,14,54300,0,0,16,0,0,1500,27300,0,0,0,0,0,0,0,30600,0,0,0,0,0,0,0,0,0,常州市钟楼区怀德路支行,6227123456789012345,常州钟楼区木梳路蔡家村44号
200177,103621,何*红,0,0,0,0,红红火火188,430123456789012345,已激活,普通用户,13412345678,2016年10月19日,15,45000,14,58300,17,2,118,2,500,6490,27800,0,5000,490,0,0,0,0,35100,0,0,0,0,0,0,0,0,0,中国民生银行,6227123456789012345,山西省太原市小店区财经大学后勤部
200178,91410,刘恩*,0,0,0,0,15096564145,430123456789012345,已冻结,普通用户,13412345678,2016年10月19日,,,,,0,0,1,0,0,0,0,0,0,0,0,0,0,0,0,0,0,0,0,0,0,0,0,0,中国建设银行云南省昭通市昭阳区珠泉支行,6227123456789012345,浙江省金华市义乌市江东街道鲶溪新村36栋啊米娜清真美食城
200179,19953,陈廷*,0,0,0,0,cyg888,430123456789012345,已激活,普通用户,13412345678,2016年10月19日,15,45000,14,57700,0,0,16,0,0,5820,27300,0,4300,20,0,0,0,0,34900,0,0,0,0,0,0,0,0,0,农行四川省宜宾县英才分理处,6227123456789012345,四川省宜宾市宜宾县柏溪二二四南山星城9栋1608
200180,200185,耿东*,7,6,1,6,gdm6054,430123456789012345,已激活,普通用户,13412345678,2016年10月19日,15,45000,14,63700,13,0,113,0,0,14281,27800,0,10900,1881,0,0,0,0,41000,0,0,0,0,0,0,0,0,0,农业银行,6227123456789012345,山东省聊城市阳谷县石佛镇
200181,200180,肖*芳,7,6,1,6,king1314hai199,430123456789012345,已激活,普通用户,13412345678,2016年10月19日,14,96000,13,83400,1,0,19,0,0,4230,27300,390,1800,930,0,0,0,0,20100,0,73200,0,0,0,0,0,0,0,中国建设银行富顺县支行,6227123456789012345,四川省自贡市富顺县狮市镇初级中学
200182,200181,周亮*,7,6,1,6,xxl1992,430123456789012345,已激活,普通用户,13412345678,2016年10月19日,,,,,,0,,1,,0,,0,,0,,0,,0,,0,,0,,0,,0,,0,NULL,6227123456789012345,NULL
200183,200182,杨*学,7,6,1,6,ycx88888,430123456789012345,已冻结,普通用户,13412345678,2016年10月19日,12,36000,12,46500,0,0,13,0,0,1200,23400,0,0,0,0,0,0,0,23100,0,0,0,0,0,0,0,0,0,中国农业银行北海市上海路支行,6227123456789012345,广西省北海市海城区东峰富苑1栋3单1902
200184,200183,梅*立,7,6,1,6,mjl720819,430123456789012345,已激活,普通用户,13412345678,2016年10月19日,14,42000,13,50400,0,0,15,0,0,1400,27300,0,0,0,0,0,0,0,26700,0,0,0,0,0,0,0,0,0,中国建设银行河南省洛阳市分行栾川县城东分理处,6227123456789012345,河南省栾川县城关镇五七小学
200185,200184,顾平*,7,6,1,6,king1314gzpp,430123456789012345,已激活,A轮功德主,13412345678,2016年10月19日,10,180000,9,211500,426,24,1807,23,0,63476,88800,0,36500,24976,0,0,0,0,0,0,158700,0,0,0,0,0,0,0,中国农业银行临沂金源路分理处,6227123456789012345,山东省临沂市兰山庄临西四路南段旭阳小区
200186,200187,王婵*,3,2,1,2,15016585195,430123456789012345,已冻结,普通用户,13412345678,2016年10月19日,,,,,0,0,2,0,0,0,0,0,0,0,0,0,0,0,0,0,0,0,0,0,0,0,0,0,交通银行,6227123456789012345,广东省珠海市香洲区拱北国防公路101粤海国际花园9幢503
200187,200186,丁*英,3,2,1,2,18395072101wei,430123456789012345,未激活,普通用户,13412345678,2016年10月19日,,,,,,0,,0,,0,,0,,0,,0,,0,,0,,0,,0,,0,,0,NULL,6227123456789012345,NULL
200188,200190,潘*颖,4,3,1,3,py8868,430123456789012345,已冻结,普通用户,13412345678,2016年10月19日,12,90000,11,108900,0,0,16,0,0,3380,23400,0,1800,180,0,0,0,0,17100,0,72900,0,0,0,0,0,0,0,建设银行,6227123456789012345,河北省遵化市龙源小区15号楼102
200189,200188,谢庆*,4,3,1,3,xql123,430123456789012345,已激活,普通用户,13412345678,2016年10月19日,10,192000,9,239300,54,0,257,2,1120,19264,47700,14520,14600,4384,0,0,0,0,4900,50,191600,0,0,0,0,0,0,0,中国农业银行,6227123456789012345,广西桂平市石龙镇福平村西岭屯
200190,200189,刘*华,4,3,1,3,liu1966,430123456789012345,已激活,普通用户,13412345678,2016年10月19日,12,63000,12,78900,0,0,16,0,0,1300,27300,0,0,0,0,0,0,0,15600,0,36000,0,0,0,0,0,0,0,中国银行,6227123456789012345,河南省南阳市宛城区张衡路与明山路交叉口向南100米路西金盆足浴养生会所
200191,84997,张丙*,0,0,0,0,13570607772,430123456789012345,已冻结,普通用户,13412345678,2016年10月19日,4,12000,4,15600,0,0,5,0,0,400,15600,0,0,0,0,0,0,0,0,0,0,0,0,0,0,0,0,0,中国建设银行,6227123456789012345,广东省珠海市斗门区井岸镇新堂18号
200192,5667,何*平,0,0,0,0,hyp888666,430123456789012345,已激活,普通用户,13412345678,2016年10月19日,15,45000,14,57800,11,0,55,0,100,6830,27300,0,4400,1030,0,0,0,0,35000,0,0,0,0,0,0,0,0,0,中国农业银行赣州市章贡区贸易广场支行,6227123456789012345,江西省赣州市章贡区阳光吉泰新城金月里6栋506室
200193,99621,钱*成,0,0,0,0,cheng0920,430123456789012345,已激活,普通用户,13412345678,2016年10月19日,14,42000,13,50700,0,0,15,0,0,1400,27300,0,0,0,0,0,0,0,27000,0,0,0,0,0,0,0,0,0,中国建设银行深圳莲塘支行,6227123456789012345,广东深圳市罗湖区莲塘港莲一村15栋103室
200194,21354,吴艳*,0,0,0,0,13931554124w,430123456789012345,已冻结,普通用户,13412345678,2016年10月19日,2,6000,2,7800,0,0,3,0,0,200,7800,0,0,0,0,0,0,0,0,0,0,0,0,0,0,0,0,0,中国工商银行,6227123456789012345,河北省唐山市遵化市滨河庄园17单元601
200194,21354,李艳*,0,0,0,0,lyt8866,430123456789012345,已冻结,普通用户,13412345678,2016年10月19日,10,192000,10,261100,58,0,250,0,0,35320,93600,0,31000,2720,0,0,0,0,0,0,167500,0,0,0,0,0,0,0,建设银行深圳分行龙华支行,6227123456789012345,广东省深圳市龙华新区锦绣江南四期14-18A
200194,21354,曹进*,0,0,0,0,cjd13401257779,430123456789012345,已激活,普通用户,13412345678,2016年10月19日,11,67000,12,85100,1,0,18,0,0,4810,31500,0,2300,1210,0,0,0,0,17600,0,36000,0,0,0,0,0,0,0,中国银行,6227123456789012345,江苏省东台市商业新村3号楼802室
200194,21354,徐杰*,0,0,0,0,13626261157,430123456789012345,未激活,普通用户,13412345678,2016年10月19日,,,,,,0,,0,,0,,0,,0,,0,,0,,0,,0,,0,,0,,0,NULL,6227123456789012345,NULL
200195,80466,王高*,0,0,0,0,wgp8181,430123456789012345,已激活,普通用户,13412345678,2016年10月19日,14,42000,12,50700,2,0,19,0,0,1760,27300,0,0,360,0,0,0,0,27000,0,0,0,0,0,0,0,0,0,中国建设银行,6227123456789012345,河南省汝州市杨楼乡石台村5组
200195,80466,陆婵*,0,0,0,0,lcj5189,430123456789012345,已激活,普通用户,13412345678,2016年10月19日,15,45000,14,65300,12,0,33,0,0,14570,29800,0,12500,570,0,0,0,0,40600,0,0,0,0,0,0,0,0,0,中国建设银行江西省鹰潭市余江县支行,6227123456789012345,江西省鹰潭市余江县四青路冠英巷39号
